{
"inbounds": [{
    "port": "10080", 
    "listen": "127.0.0.1",
    "tag": "socks-inbound",
    "protocol": "socks",
    "settings": {
      "auth": "noauth",
      "udp": false,
      "ip": "127.0.0.1"
    },
    "sniffing": {
      "enabled": true,
      "destOverride": ["http", "tls"]
    }
  }],
  "outbounds": [
    {
      "tag": "proxy",
      "protocol": "vless",
      "settings": {
        "vnext": [{
        "address": "speedtest.net", 
        "port": 80,
        "users": [{"id": "bfa745bc-d893-4064-b69f-1cec611fdbf3",
		"encryption": "none"
			}]
      }]
      },
      "streamSettings": {
        "network": "ws",
        "wsSettings": {
          "path": "/?ed=2048",
          "headers": {
            "Host": "xmqq.ru."
          }
        }
      }
    }
  ],
	"other": {}
}