{
"inbounds": [{
    "port": "1080", 
    "listen": "127.0.0.1",
    "tag": "socks-inbound",
    "protocol": "socks",
    "settings": {
      "auth": "noauth",
      "udp": false,
      "ip": "127.0.0.1"
    },
    "sniffing": {
      "enabled": true,
      "destOverride": ["http", "tls"]
    }
  }],
  "outbounds": [
    {
      "tag": "proxy",
      "protocol": "vless",
      "settings": {
        "vnext": [{
        "address": "www.visa.com.tw", 
        "port": 443,
        "users": [{"id": "40abeae0-544d-410a-924f-5bab387adfed",
		"encryption": "none"
			}]
      }]
      },
      "streamSettings": {
        "network": "ws",
        "security": "tls",
        "tlsSettings": {
          "allowInsecure": false,
          "serverName": "PAGES.DEV",
          "alpn": [
            "http/1.1"
          ],
          "fingerprint": "chrome"
        },
        "wsSettings": {
          "path": "/?ed=2048",
          "headers": {
            "Host": "15x.pages.dev"
          }
        }
      }
    }
  ],
	"other": {}
}